{"phase":3,"status":"pass","theorem_delta":1.1102230246251565e-16,"ccc_mean_residual":1.6653345369377348e-16,"ccc_cov_residual":3.8857805861880479e-16,"korea_withheld":true}
